[
  {"key":"BTN_PLAY","value":"ابدأ"},
  {"key":"BTN_SETTINGS","value":"الإعدادات"},
  {"key":"BTN_SHOP","value":"المتجر"},
  {"key":"BTN_EXIT","value":"خروج"},
  {"key":"LBL_COINS","value":"العملات"},
  {"key":"MSG_DAILY_REWARD","value":"لقد حصلت على مكافأتك اليومية!"},
  {"key":"LBL_LOADING","value":"جاري التحميل..."},
  {"key":"LBL_TAP_TO_CONTINUE","value":"اضغط للمتابعة"},
  {"key":"LBL_START","value":"ابدأ"},
  {"key":"LBL_LOBBY","value":"قاعة الانتظار"},
  {"key":"LBL_SETTINGS_TITLE","value":"الإعدادات"},
  {"key":"LBL_LANGUAGE","value":"اللغة"},
  {"key":"LBL_MUSIC","value":"مستوى الموسيقى"},
  {"key":"LBL_SFX","value":"مستوى المؤثرات"}
]
