[
  {"key":"BTN_PLAY","value":"Play"},
  {"key":"BTN_SETTINGS","value":"Settings"},
  {"key":"BTN_SHOP","value":"Shop"},
  {"key":"BTN_EXIT","value":"Exit"},
  {"key":"LBL_COINS","value":"Coins"},
  {"key":"MSG_DAILY_REWARD","value":"You received your daily reward!"},
  {"key":"LBL_LOADING","value":"Loading..."},
  {"key":"LBL_TAP_TO_CONTINUE","value":"Tap to continue"},
  {"key":"LBL_START","value":"Start"},
  {"key":"LBL_LOBBY","value":"Lobby"},
  {"key":"LBL_SETTINGS_TITLE","value":"Settings"},
  {"key":"LBL_LANGUAGE","value":"Language"},
  {"key":"LBL_MUSIC","value":"Music Volume"},
  {"key":"LBL_SFX","value":"SFX Volume"}
]
